title,text,date,fake_or_factual
New Study Claims Chocolate Cures Cancer,"A groundbreaking study from an obscure lab claims that eating chocolate daily can cure cancer. The study, not peer-reviewed, suggests cocoa beans have 'miracle compounds' that shrink tumors overnight. No reputable scientists have backed this claim, and the lab's website sells chocolate supplements.",15-Jan-24,Fake News
Scientists Discover New Species of Fish in Pacific Ocean,"Marine biologists from NOAA announced the discovery of a new fish species, named *Luminara pacifica*, in the Pacific Ocean. The fish, found at a depth of 3,000 meters, has bioluminescent fins and was documented in a peer-reviewed study in *Marine Biology*.",10-Feb-24,Factual News
Alien Fossils Found in Antarctica,"A viral blog post claims researchers uncovered alien fossils in Antarctica, with 'skeletal remains unlike anything on Earth.' The post cites an anonymous 'whistleblower' and includes blurry images. No scientific institutions have confirmed these findings.",25-Mar-24,Fake News
New Solar Panel Design Boosts Efficiency by 30%,"Engineers at MIT developed a solar panel with a novel perovskite-based design, increasing energy conversion efficiency by 30%. The findings, published in *Nature Energy*, could reduce solar energy costs significantly.",5-Apr-24,Factual News
Tom Hanks Secretly Runs a Time Travel Agency,"A conspiracy website claims Tom Hanks operates a covert time travel agency, sending celebrities to 'alter history.' The site provides no evidence beyond doctored photos and vague anecdotes.",12-May-24,Fake News
Breakthrough in Alzheimer’s Research Shows Promise,"A study from Johns Hopkins University found a new drug that slows Alzheimer’s progression in mice by targeting amyloid plaques. Human trials are set to begin in 2025, according to *The Lancet*.",20-Jun-24,Factual News
"Pyramids Built by Dinosaurs, Says Expert","A self-proclaimed historian claims dinosaurs constructed the Egyptian pyramids using 'advanced intelligence.' The theory, shared on a podcast, ignores archaeological evidence and has been debunked by Egyptologists.",1-Jul-24,Fake News
Global Coral Reef Restoration Project Gains Momentum,"The Coral Restoration Foundation reported a 40% increase in successful coral replanting efforts across the Caribbean in 2024. Their work, supported by UNESCO, aims to combat reef degradation.",15-Aug-24,Factual News
Bigfoot Spotted in Downtown Tokyo,"A tabloid claims Bigfoot was seen wandering Tokyo’s Shibuya district, with grainy footage showing a blurry figure. Experts say the video likely depicts a person in a costume.",22-Sep-24,Fake News
New Battery Technology Charges in 10 Seconds,"Researchers at Stanford developed a lithium-ion battery that charges in 10 seconds using nanotechnology. The innovation, detailed in *Science*, could revolutionize electric vehicles.",30-Oct-24,Factual News
Moon Landing Was a Hollywood Stunt,"A viral X post insists the 1969 moon landing was filmed in a Hollywood studio, citing 'shadow inconsistencies.' NASA and independent researchers have repeatedly debunked these claims with evidence.",5-Nov-24,Fake News
Arctic Ice Melt Slows in 2024,"NASA satellite data shows Arctic sea ice melt slowed by 5% in 2024 compared to the previous decade, possibly due to shifting ocean currents. The findings were published in *Geophysical Research Letters*.",12-Dec-24,Factual News
Elvis Presley Alive and Running a Bakery,A gossip site claims Elvis Presley faked his death and now runs a bakery in Ohio. The story relies on unverified eyewitness accounts and a low-quality photo of an elderly man.,20-Jan-25,Fake News
AI-Powered Prosthetics Improve Mobility,"A team at ETH Zurich developed AI-powered prosthetic limbs that adapt to users’ movements in real-time, improving mobility by 25%. The research was presented at the 2024 IEEE Robotics Conference.",28-Feb-25,Factual News
Ancient Tablet Predicts 2025 Apocalypse,A fringe website claims an ancient Mayan tablet predicts a 2025 apocalypse caused by a 'cosmic alignment.' Archaeologists say the tablet is a modern forgery.,10-Mar-25,Fake News
New Vaccine Reduces Flu Severity by 60%,"The CDC announced a new flu vaccine that reduces severe cases by 60% in clinical trials. The vaccine, approved in 2024, targets multiple strains and is now widely available.",18-Apr-25,Factual News
Haunted Toaster Causes House Fires,"A sensational news outlet reports a 'haunted toaster' causing spontaneous fires in homes. Fire experts attribute the incidents to faulty wiring, not supernatural causes.",25-May-24,Fake News
World’s Largest Wind Farm Completed in North Sea,"The UK completed the world’s largest offshore wind farm in the North Sea, capable of powering 2 million homes. The project, detailed in *Renewable Energy*, supports Europe’s green energy goals.",2-Jun-24,Factual News
Cryptid Sea Monster Washes Ashore in Florida,"A viral video claims a sea monster washed ashore in Florida, showing a decomposing creature. Marine biologists identified it as a decayed basking shark, not a cryptid.",15-Jul-24,Fake News
Gene Therapy Restores Vision in Blind Patients,"A clinical trial in the UK successfully used gene therapy to restore partial vision in patients with inherited blindness. The results, published in *Nature Medicine*, mark a major milestone.",22-Aug-24,Factual News
Vampire Cult Discovered in Paris Sewers,"A tabloid reports a 'vampire cult' living in Paris sewers, drinking blood and avoiding sunlight. Authorities say the story is fabricated, with no evidence of such a group.",30-Sep-24,Fake News
Quantum Computing Breakthrough Speeds Up Drug Discovery,"IBM’s quantum computing team achieved a breakthrough, simulating molecular interactions 100 times faster than classical computers. The work, published in *Quantum Science*, could accelerate drug development.",10-Oct-24,Factual News
Ancient Aliens Visited Machu Picchu,"A TV show claims aliens helped build Machu Picchu, citing 'precision stonework' as evidence. Archaeologists attribute the site’s construction to advanced Incan engineering.",18-Nov-24,Fake News
New Telescope Detects Distant Exoplanet Atmospheres,"The James Webb Space Telescope captured detailed atmospheric data from an exoplanet 700 light-years away. The findings, reported in *Astrophysical Journal*, reveal water vapor presence.",25-Dec-24,Factual News
 Loch Ness Monster Captured on Drone,"A drone operator claims to have filmed the Loch Ness Monster, sharing shaky footage of a 'large shape' in the water. Experts say it’s likely a log or large fish.",5-Jan-25,Fake News
3D-Printed Organs Used in Transplant Surgeries,"Surgeons in Japan successfully transplanted 3D-printed kidneys into patients, a first in medical history. The breakthrough, detailed in *The Lancet*, used bio-ink to create functional organs.",15-Feb-25,Factual News
"Wi-Fi Causes Brain Damage, Says Study","A dubious website claims a study links Wi-Fi to brain damage, citing 'electromagnetic radiation.' The study doesn’t exist, and health agencies confirm Wi-Fi is safe.",22-Mar-25,Fake News
Global Reforestation Effort Plants 1 Billion Trees,"The UN’s Trillion Trees Initiative reported planting 1 billion trees worldwide by 2024, aiding carbon capture. The milestone was celebrated at the 2024 Climate Summit.",30-Apr-25,Factual News
Time Traveler Warns of 2025 Catastrophe,"A YouTube video features a 'time traveler' warning of a 2025 catastrophe involving 'solar flares.' Scientists dismiss the claims as baseless, with no evidence of such an event.",10-May-24,Fake News
New Antibiotic Kills Superbugs,"Oxford University researchers developed an antibiotic that kills drug-resistant superbugs, potentially saving millions of lives. The drug is in late-stage trials, per *Nature*.",20-Jun-24,Factual News
Ghost Ship Sails into New York Harbor,"A sensational report claims a ghost ship from the 1800s appeared in New York Harbor. Maritime records show no such sighting, and the story lacks credible witnesses.",1-Jul-24,Fake News
Self-Healing Concrete Revolutionizes Construction,"Engineers at TU Delft created concrete that self-heals using bacteria, extending infrastructure lifespan. The innovation, tested in real-world projects, was published in *Materials Today*.",12-Aug-24,Factual News
Yeti Footprints Found in Himalayas,"A mountaineering blog claims to have found Yeti footprints in the Himalayas, with photos of large tracks. Scientists say they’re likely bear prints distorted by melting snow.",25-Sep-24,Fake News
Lab-Grown Meat Hits Supermarket Shelves,"Lab-grown chicken, produced by a California startup, is now available in select U.S. supermarkets. The FDA approved the product in 2024, citing sustainability benefits.",5-Oct-24,Factual News
Flat Earth Society Plans Space Mission,"The Flat Earth Society announced plans to launch a rocket to 'prove' Earth is flat. Experts call it a publicity stunt, as satellite imagery confirms Earth’s spherical shape.",15-Nov-24,Fake News
Deep-Sea Mining Uncovers Rare Minerals,"A mining expedition in the Clarion-Clipperton Zone found rare earth minerals critical for renewable energy tech. The operation, monitored by the UN, was detailed in *Oceanography*.",22-Dec-24,Factual News
Haunted Doll Terrorizes Family,"A tabloid claims a haunted doll moves at night and speaks in an Ohio home. Paranormal experts say it’s a hoax, likely involving remote-controlled mechanisms.",2-Jan-25,Fake News
AI Diagnoses Cancer with 95% Accuracy,"A new AI model from Google Health diagnoses breast cancer with 95% accuracy, outperforming human radiologists. The study was published in *Radiology* in 2024.",12-Feb-25,Factual News
Mermaids Spotted off California Coast,"A viral TikTok claims mermaids were seen swimming near San Diego, with edited footage. Marine biologists say it’s digitally altered, likely showing seals.",20-Mar-25,Fake News
World’s First Flying Car Approved for Sale,"A Slovakian company’s flying car, the AirCar, received regulatory approval in Europe after 200 test flights. It transitions from car to plane in under three minutes, per *Aviation Weekly*.",30-Apr-25,Factual News
Chemtrails Cause Memory Loss,"A conspiracy site claims airplane contrails contain chemicals that cause memory loss. Scientists explain contrails are water vapor, with no evidence of harmful substances.",10-May-24,Fake News
New Alzheimer’s Blood Test Detects Disease Early,"A blood test developed by Swedish researchers detects Alzheimer’s biomarkers up to 10 years before symptoms. The test, 90% accurate, was published in *Neurology*.",20-Jun-24,Factual News
Ancient Curse Unleashed in Egypt,"A tabloid reports an 'ancient curse' caused illness among archaeologists after opening a tomb. Medical experts say the illnesses are due to mold exposure, not curses.",1-Jul-24,Fake News
Vertical Farms Boost Urban Food Security,"Singapore’s vertical farms now supply 10% of the city’s vegetables, using 90% less water than traditional farming. The model, detailed in *Urban Agriculture*, is expanding globally.",12-Aug-24,Factual News
Zombie Virus Found in Siberian Ice,"A clickbait site claims a zombie virus was found in Siberian permafrost, citing a 'leaked report.' Virologists say no such virus exists, and the story is fabricated.",25-Sep-24,Fake News
CRISPR Treats Genetic Heart Disease,"A UK trial used CRISPR to correct a genetic mutation causing hypertrophic cardiomyopathy, with patients showing improved heart function. Results appeared in *The Lancet*.",5-Oct-24,Factual News
Bigfoot Runs for Mayor in Oregon,"A satirical news site claims Bigfoot is running for mayor in a small Oregon town. The story, meant as humor, has been shared as fact on social media.",15-Nov-24,Fake News
World’s Largest Battery Storage Facility Opens,"Tesla’s new battery storage facility in Australia can power 500,000 homes during outages. The project, completed in 2024, supports grid stability, per *Energy Storage News*.",22-Dec-24,Factual News
Alien Radio Signals Detected,"A blog claims radio signals from space are alien messages, citing 'unusual patterns.' Astronomers say the signals are natural pulsar emissions, not extraterrestrial.",2-Jan-25,Fake News
Stem Cells Regenerate Damaged Lungs,"A Stanford study showed stem cell therapy repaired lung damage in mice, offering hope for COPD patients. Human trials are planned for 2026, per *Cell Stem Cell*.",12-Feb-25,Factual News
Ghosts Cause Airport Delays,"A tabloid reports ghosts disrupted flights at a Chicago airport, citing 'eyewitnesses.' Airport officials say delays were due to weather, not paranormal activity.",20-Mar-25,Fake News
New Material Absorbs 99% of CO2,"A Canadian startup developed a material that captures 99% of CO2 from industrial emissions. The technology, scaled in 2024, was featured in *Chemical Engineering Journal*.",30-Apr-25,Factual News
Time Machine Built in Secret Lab,"A conspiracy video claims a secret lab built a working time machine, with 'leaked footage' of blurry lights. Physicists say time travel violates known laws of physics.",10-May-24,Fake News
Robotic Surgeons Perform Complex Heart Surgery,"A robotic system at Cleveland Clinic performed a heart valve replacement with minimal human input. The procedure, detailed in *Annals of Surgery*, had a 98% success rate.",20-Jun-24,Factual News
Chupacabra Attacks Livestock in Texas,"A sensational report claims a chupacabra killed livestock in Texas, with photos of mangled animals. Wildlife experts say the attacks were by coyotes with mange.",1-Jul-24,Fake News
New App Tracks Carbon Footprint in Real-Time,"A Swedish startup’s app tracks users’ carbon footprints via purchases and travel, helping reduce emissions. The app, launched in 2024, has 1 million users, per *TechCrunch*.",12-Aug-24,Factual News
Ancient Aliens Left Gold in Antarctica,"A fringe site claims aliens hid gold deposits in Antarctica, citing 'ancient texts.' Geologists say the gold is from natural tectonic processes, not extraterrestrial.",25-Sep-24,Fake News
Lab-Grown Leather Hits Fashion Industry,"A Dutch company’s lab-grown leather, made without animals, is now used by major fashion brands. It cuts emissions by 80%, per a 2024 *Sustainability* study.",5-Oct-24,Factual News
Haunted Mirror Traps Souls,"A tabloid claims a cursed mirror in London traps the souls of those who look into it. Experts say the story is folklore, with no evidence of supernatural activity.",15-Nov-24,Fake News
Wind-Powered Cargo Ships Reduce Emissions,"A Norwegian company’s wind-powered cargo ships cut fuel use by 50% in trials. The design, using modern sails, was featured in *Maritime Executive* in 2024.",22-Dec-24,Factual News
Vampire Bats Invade New York,"A viral post claims vampire bats are swarming New York, biting residents. Wildlife officials say the bats are native to South America and the story is false.",2-Jan-25,Fake News
AI Predicts Earthquakes with 85% Accuracy,"A machine learning model from Caltech predicts earthquakes with 85% accuracy using seismic data. The system, tested in Japan, was published in *Seismology Research Letters*.",12-Feb-25,Factual News
Unicorn Bones Unearthed in Scotland,"A blog claims unicorn bones were found in Scotland, with photos of large bones. Paleontologists identify them as horse remains, not mythical creatures.",20-Mar-25,Fake News
New HIV Vaccine Shows 70% Efficacy,"A South African trial for an HIV vaccine showed 70% efficacy in preventing infection. The results, published in *NEJM*, mark a major step toward global rollout.",30-Apr-25,Factual News
 Loch Ness Monster Is a Robot,A conspiracy site claims the Loch Ness Monster is a robotic hoax created by the government. Marine biologists say sightings are likely natural phenomena or animals.,10-May-24,Fake News
Biodegradable Plastic Breaks Down in Months,"A UK startup’s biodegradable plastic decomposes in six months, unlike traditional plastics. The material, used in packaging, was featured in *Environmental Science & Technology*.",20-Jun-24,Factual News
Alien Base Found Under Pacific Ocean,"A YouTube channel claims an alien base was found under the Pacific, with sonar images of 'structures.' Oceanographers say the images show natural rock formations.",1-Jul-24,Fake News
Smart Contact Lenses Monitor Health,"Google’s smart contact lenses, launched in 2024, monitor glucose levels and blood pressure in real-time. The tech, detailed in *Nature Biomedical Engineering*, aids diabetes management.",12-Aug-24,Factual News
Ancient Crystal Skulls Control Weather,"A fringe site claims crystal skulls found in Mexico can control weather, citing 'indigenous legends.' Archaeologists say the skulls are 19th-century fakes.",25-Sep-24,Fake News
New Telescope Spots Black Hole Merger,"The Event Horizon Telescope captured a black hole merger 5 billion light-years away. The data, published in *Physical Review Letters*, confirms Einstein’s theories.",5-Oct-24,Factual News
Haunted Phone App Steals Souls,"A tabloid warns a phone app is haunted and steals users’ souls. Cybersecurity experts say the app is malware, not supernatural, and advise deletion.",15-Nov-24,Fake News
Lab-Grown Coral Rebuilds Reefs,"Australian scientists grew coral in labs and replanted it, restoring 20% of damaged reefs in trials. The project, backed by WWF, was detailed in *Coral Reefs* journal.",22-Dec-24,Factual News
Time Travelers Spotted in Old Photos,"A blog claims old photos show time travelers holding 'modern gadgets.' Historians say the objects are period-appropriate, like pocket watches, not futuristic tech.",2-Jan-25,Fake News
New Drug Reverses Hair Loss,"A Japanese drug, approved in 2024, regrows hair in 80% of balding patients by targeting follicle stem cells. The study appeared in *Journal of Dermatology*.",12-Feb-25,Factual News
Ghost Train Haunts Texas Railroad,"A sensational story claims a ghost train appears on a Texas railroad, scaring locals. Railroad officials say it’s a myth, with no documented sightings.",20-Mar-25,Fake News
World’s First Carbon-Negative Factory Opens,"A Danish factory, opened in 2024, captures more CO2 than it emits using bioenergy and carbon storage. The model, scaled globally, was featured in *Nature Sustainability*.",30-Apr-25,Factual News
Bigfoot DNA Found in Oregon,"A website claims Bigfoot DNA was found in Oregon, but the lab cited doesn’t exist. Geneticists say the samples are likely from bears or humans.",10-May-24,Fake News
AI Restores Damaged Artworks Digitally,"An AI tool from the Louvre reconstructs damaged paintings with 90% accuracy, aiding preservation. The tech, used on Renaissance art, was published in *Heritage Science*.",20-Jun-24,Factual News
Alien Crop Circles in Kansas,"A viral post claims crop circles in Kansas are alien messages, with aerial photos. Agronomists say they’re caused by irrigation patterns, not extraterrestrials.",1-Jul-24,Fake News
New Drone Delivers Medical Supplies in Remote Areas,"A Swiss company’s drone delivers vaccines and medical supplies to remote African villages, cutting delivery time by 70%. The program, backed by WHO, was detailed in *The Lancet Global Health*.",12-Aug-24,Factual News
 Loch Ness Monster Is a Dinosaur,"A tabloid claims Nessie is a surviving plesiosaur, citing 'fossil evidence.' Paleontologists say plesiosaurs went extinct 66 million years ago.",25-Sep-24,Fake News
Edible Packaging Reduces Plastic Waste,"A US startup’s edible packaging, made from seaweed, is now used by food brands. It dissolves in water and cuts plastic use by 50%, per *Journal of Cleaner Production*.",5-Oct-24,Factual News
Haunted Forest Eats Hikers,"A sensational report claims a forest in Japan consumes hikers, with 'disappearances.' Authorities say missing persons cases are due to disorientation, not supernatural causes.",15-Nov-24,Fake News
New Sensor Detects Microplastics in Water,"A Canadian university’s sensor detects microplastics in drinking water with 99% accuracy. The device, scalable for global use, was published in *Environmental Science & Technology*.",22-Dec-24,Factual News
Vampire Cult Found in New Orleans,"A blog claims a vampire cult operates in New Orleans, with 'blood rituals.' Police say it’s a fictional story inspired by local folklore, not reality.",2-Jan-25,Fake News
AI-Powered Exoskeletons Aid Paralyzed Patients,"A French company’s exoskeleton, powered by AI, helps paralyzed patients walk again. Trials showed 70% mobility improvement, per *Journal of NeuroEngineering*.",12-Feb-25,Factual News
Alien Spacecraft Crashes in Nevada,"A viral video claims an alien spacecraft crashed in Nevada, with blurry footage. The Pentagon says it’s a weather balloon, and no debris was found.",20-Mar-25,Fake News
New Cancer Treatment Uses Nanoparticles,"A German team’s nanoparticle therapy targets cancer cells without harming healthy tissue. Early trials, published in *Nature Nanotechnology*, show 85% tumor reduction.",30-Apr-25,Factual News
 Loch Ness Monster Caught on Sonar,"A tabloid claims sonar detected the Loch Ness Monster, showing a 'large shape.' Marine experts say it’s likely a school of fish or underwater currents.",10-May-24,Fake News
Recycled Plastic Roads Built in India,"India’s new roads, made from recycled plastic, are 60% stronger than asphalt. The project, scaled to 10 cities, was featured in *Waste Management* journal.",20-Jun-24,Factual News
Ancient Aliens Built Stonehenge,"A TV special claims Stonehenge was built by aliens, citing 'perfect alignment.' Archaeologists say it was constructed by Neolithic people using simple tools.",1-Jul-24,Fake News
New Insulin Patch Replaces Injections,"A US company’s insulin patch delivers diabetes medication through the skin, eliminating injections. Approved in 2024, it was detailed in *Diabetes Care*.",12-Aug-24,Factual News
Ghost Ship Found in Bermuda Triangle,"A sensational report claims a ghost ship was found in the Bermuda Triangle, with 'spectral crew.' Maritime experts say it’s a derelict vessel, not supernatural.",25-Sep-24,Fake News
Vertical Axis Wind Turbines Boost Efficiency,"A Dutch startup’s vertical axis wind turbines generate 20% more energy than traditional designs. The tech, installed in 2024, was published in *Renewable Energy*.",5-Oct-24,Factual News
Time Portal Opens in Arizona,"A conspiracy site claims a time portal opened in Arizona, with 'witnesses' seeing 'future people.' Scientists say it’s a hoax, with no evidence of such phenomena.",15-Nov-24,Fake News
New Malaria Vaccine Saves Millions,"A malaria vaccine, rolled out in Africa in 2024, reduced cases by 50% in trials. The WHO-backed program was detailed in *The Lancet Infectious Diseases*.",22-Dec-24,Factual News
Bigfoot Spotted in Yellowstone,"A viral photo claims Bigfoot was seen in Yellowstone, showing a blurry figure. Wildlife experts say it’s a bear standing upright, not a cryptid.",2-Jan-25,Fake News
AI Translates Ancient Texts Instantly,"An AI tool from Oxford decodes ancient languages like Akkadian with 95% accuracy, aiding archaeologists. The system was published in *Journal of Cuneiform Studies*.",12-Feb-25,Factual News
Haunted Clock Predicts Deaths,"A tabloid claims a haunted clock in London predicts deaths by chiming randomly. Historians say it’s a mechanical glitch, not paranormal.",20-Mar-25,Fake News
New Desalination Tech Makes Seawater Drinkable,"A Singapore startup’s desalination system purifies seawater using 50% less energy. The tech, scaled in 2024, was featured in *Desalination* journal.",30-Apr-25,Factual News
Alien Fossils Found on Mars,"A blog claims NASA found alien fossils on Mars, with 'leaked images.' NASA says the 'fossils' are natural rock formations, not extraterrestrial.",10-May-24,Fake News
Lab-Grown Fish Hits Restaurants,"Lab-grown salmon, produced in Japan, is now served in restaurants. It matches wild salmon’s taste and cuts overfishing, per *Food Technology* journal.",20-Jun-24,Factual News
Ghosts Hack Smart Homes,"A sensational story claims ghosts are hacking smart homes, turning on lights. Tech experts say it’s due to software bugs, not supernatural causes.",1-Jul-24,Fake News
New Glaucoma Drug Prevents Blindness,"A US drug, approved in 2024, slows glaucoma progression by 70%, preserving vision. The study was published in *Ophthalmology* journal.",12-Aug-24,Factual News
Yeti Spotted in Colorado,"A viral video claims a Yeti was seen in Colorado, with shaky footage. Wildlife officials say it’s a person in a costume, not a cryptid.",25-Sep-24,Fake News
Smart Windows Generate Solar Power,"A UK company’s smart windows generate electricity while letting in light. Installed in 2024, they cut building energy use by 30%, per *Solar Energy* journal.",5-Oct-24,Factual News
Ancient Aliens Left Map in Cave,"A fringe site claims a cave painting is an alien map, citing 'strange symbols.' Archaeologists say it’s a prehistoric hunting scene, not extraterrestrial.",15-Nov-24,Fake News
New Parkinson’s Treatment Improves Mobility,A Canadian trial used deep brain stimulation to improve mobility in Parkinson’s patients by 60%. Results were published in *Neurology* in 2024.,22-Dec-24,Factual News
 Loch Ness Monster Is an Alien,"A tabloid claims Nessie is an alien creature, citing 'eyewitnesses.' Scientists say sightings are likely logs or otters, not extraterrestrial beings.",2-Jan-25,Fake News
AI-Powered Drones Monitor Forests,"Drones with AI, used in Brazil, detect illegal deforestation with 90% accuracy. The program, backed by WWF, was detailed in *Remote Sensing* journal.",12-Feb-25,Factual News
Haunted Statue Moves at Night,"A sensational report claims a statue in Italy moves at night, with grainy footage. Art historians say it’s a prank, with no evidence of movement.",20-Mar-25,Fake News
New Asthma Inhaler Reduces Attacks,"A UK-developed inhaler cuts asthma attacks by 50% using a new drug formula. Approved in 2024, it was published in *Thorax* journal.",30-Apr-25,Factual News
Alien City Found in Sahara,"A blog claims an alien city was found in the Sahara, with satellite images of 'ruins.' Archaeologists say they’re natural rock formations, not extraterrestrial.",10-May-24,Fake News
Self-Driving Delivery Vans Hit Roads,"Amazon’s self-driving delivery vans, tested in 2024, cut delivery costs by 40%. The tech, using LIDAR, was featured in *IEEE Transactions on Intelligent Transportation Systems*.",20-Jun-24,Factual News
Ghosts Cause Car Crashes,"A tabloid claims ghosts are causing car crashes on a UK road, citing 'witnesses.' Police say the crashes are due to poor road conditions, not paranormal activity.",1-Jul-24,Fake News
New Migraine Drug Prevents Attacks,"A US drug, approved in 2024, prevents migraines in 70% of patients by targeting CGRP receptors. The study was published in *Headache* journal.",12-Aug-24,Factual News
Bigfoot Lives in Canadian Wilderness,"A viral post claims Bigfoot was filmed in Canada, with blurry footage. Wildlife experts say it’s a moose, not a cryptid.",25-Sep-24,Fake News
Lab-Grown Leather Shoes Hit Stores,"Lab-grown leather shoes, made without animals, are now sold by Adidas. They cut emissions by 70%, per a 2024 *Journal of Cleaner Production* study.",5-Oct-24,Factual News
Ancient Aliens Visited Easter Island,"A TV show claims aliens carved Easter Island’s Moai statues, citing 'precision.' Archaeologists say they were crafted by Rapa Nui people using stone tools.",15-Nov-24,Fake News
New Autism Therapy Improves Communication,"A US therapy using virtual reality improved communication in autistic children by 50%. The study, published in *Journal of Autism and Developmental Disorders*, is expanding.",22-Dec-24,Factual News
 Loch Ness Monster Spotted by Satellite,"A tabloid claims satellite images show the Loch Ness Monster. Experts say the images depict waves or debris, not a creature.",2-Jan-25,Fake News
AI Detects Heart Disease Early,"An AI tool from Stanford detects heart disease via ECGs with 90% accuracy, saving lives. The system was published in *Nature Medicine* in 2024.",12-Feb-25,Factual News
Haunted Painting Cries Blood,"A sensational story claims a painting in Mexico cries blood, with photos. Art experts say it’s a chemical reaction in the paint, not supernatural.",20-Mar-25,Fake News
New Wind Turbine Design Cuts Noise,"A German company’s wind turbine, redesigned in 2024, reduces noise by 50% while maintaining efficiency. The tech was featured in *Wind Energy* journal.",30-Apr-25,Factual News
Alien Signals Interfere with Wi-Fi,"A blog claims alien signals are disrupting Wi-Fi globally, citing 'glitches.' Tech experts say it’s due to network overload, not extraterrestrial interference.",10-May-24,Fake News
3D-Printed Houses Built in 24 Hours,"A US company’s 3D-printed houses, built in 24 hours, cut construction costs by 50%. The tech, used in 2024, was detailed in *Construction and Building Materials*.",20-Jun-24,Factual News
Ghosts Haunt New Subway Line,"A tabloid claims ghosts are haunting a new Tokyo subway line, delaying construction. Engineers say delays are due to technical issues, not paranormal activity.",1-Jul-24,Fake News
New Skin Cancer Cream Cures 80% of Cases,"A UK cream, approved in 2024, cures 80% of early-stage skin cancers without surgery. The study was published in *British Journal of Dermatology*.",12-Aug-24,Factual News
Yeti Attacks Campers in Alaska,"A viral post claims a Yeti attacked campers in Alaska, with shaky footage. Wildlife officials say it was a grizzly bear, not a cryptid.",25-Sep-24,Fake News
AI-Powered Recycling Sorts Waste,"A Swedish AI system sorts recycling with 98% accuracy, reducing landfill waste by 40%. The tech, scaled in 2024, was featured in *Waste Management* journal.",5-Oct-24,Factual News
Ancient Aliens Left Pyramids on Moon,"A fringe site claims pyramids on the moon were built by aliens, citing 'NASA images.' NASA says they’re craters, not structures.",15-Nov-24,Fake News
New Stroke Therapy Restores Movement,A Canadian trial used neurostimulation to restore movement in stroke patients by 60%. Results were published in *Stroke* journal in 2024.,22-Dec-24,Factual News
 Loch Ness Monster Is a Hoax,"A tabloid claims the Loch Ness Monster is a publicity stunt by locals, with 'leaked documents.' Historians say sightings date back centuries, likely misidentified animals.",2-Jan-25,Fake News
Smart Fabrics Monitor Health,"A US company’s smart fabrics, woven with sensors, monitor heart rate and temperature. Launched in 2024, they were featured in *Textile Research Journal*.",12-Feb-25,Factual News
Haunted Lighthouse Guides Ships,"A sensational story claims a haunted lighthouse in Maine guides ships with ghostly lights. Coast Guard says it’s an automated system, not paranormal.",20-Mar-25,Fake News
New Allergy Drug Stops Reactions,"A US drug, approved in 2024, prevents allergic reactions in 90% of patients with food allergies. The study was published in *Journal of Allergy and Clinical Immunology*.",30-Apr-25,Factual News
Alien Bones Found in Mexico,"A blog claims alien bones were found in Mexico, with photos of odd skeletons. Anthropologists say they’re human remains with ritual modifications.",10-May-24,Fake News
Self-Cleaning Solar Panels Boost Efficiency,"A Japanese company’s self-cleaning solar panels, launched in 2024, increase efficiency by 15%. The tech was detailed in *Solar Energy Materials and Solar Cells*.",20-Jun-24,Factual News
Ghosts Disrupt Hospital Operations,"A tabloid claims ghosts are disrupting a hospital in Ohio, moving equipment. Staff say it’s due to faulty machinery, not paranormal activity.",1-Jul-24,Fake News
New Arthritis Drug Reduces Pain,"A UK drug, approved in 2024, reduces arthritis pain by 70% in trials. The study was published in *Rheumatology* journal.",12-Aug-24,Factual News
Bigfoot Spotted in Florida Swamp,"A viral video claims Bigfoot was seen in a Florida swamp, with blurry footage. Wildlife experts say it’s an alligator, not a cryptid.",25-Sep-24,Fake News
AI-Powered Glasses Aid the Blind,"A Canadian company’s AI glasses help blind users navigate by describing surroundings. Launched in 2024, they were featured in *Journal of Assistive Technologies*.",5-Oct-24,Factual News
Ancient Aliens Visited Antarctica,"A TV show claims aliens built structures in Antarctica, citing 'ice anomalies.' Geologists say they’re natural formations, not extraterrestrial.",15-Nov-24,Fake News
New Depression Drug Lifts Mood,"A US drug, approved in 2024, lifts mood in 80% of depression patients by targeting serotonin. The study was published in *American Journal of Psychiatry*.",22-Dec-24,Factual News
 Loch Ness Monster Found Dead,"A tabloid claims the Loch Ness Monster washed ashore dead, with photos. Marine biologists say it’s a decayed whale carcass, not a monster.",2-Jan-25,Fake News
Lab-Grown Beef Cuts Emissions,"Lab-grown beef, produced in the Netherlands, cuts emissions by 90% compared to traditional farming. It hit markets in 2024, per *Nature Food* journal.",12-Feb-25,Factual News
Haunted Car Drives Itself,"A sensational story claims a haunted car in Texas drives itself at night. Mechanics say it’s a malfunctioning autonomous system, not ghosts.",20-Mar-25,Fake News
New Obesity Drug Promotes Weight Loss,"A US drug, approved in 2024, promotes 15% weight loss in obese patients. The study was published in *New England Journal of Medicine*.",30-Apr-25,Factual News
Alien Spaceship Hovers Over London,"A viral video claims an alien spaceship hovered over London, with blurry footage. The RAF says it was a drone, not extraterrestrial.",10-May-24,Fake News
Smart Thermostats Cut Energy Use,"A US company’s smart thermostats, installed in 2024, cut home energy use by 25%. The tech was featured in *Energy and Buildings* journal.",20-Jun-24,Factual News
Ghosts Haunt Old Theater,"A tabloid claims ghosts haunt a Chicago theater, moving props. Staff say it’s due to air drafts, not paranormal activity.",1-Jul-24,Fake News
New Alzheimer’s Drug Slows Decline,"A Japanese drug, approved in 2024, slows Alzheimer’s cognitive decline by 50%. The study was published in *Alzheimer’s & Dementia* journal.",12-Aug-24,Factual News
Yeti Spotted in Montana,"A viral post claims a Yeti was seen in Montana, with grainy photos. Wildlife officials say it’s a wolf, not a cryptid.",25-Sep-24,Fake News
AI-Powered Prosthetics Feel Touch,"A German company’s prosthetics, launched in 2024, let users feel touch via sensors. The tech was detailed in *Science Robotics* journal.",5-Oct-24,Factual News
Ancient Aliens Built Great Wall,"A fringe site claims aliens helped build China’s Great Wall, citing 'perfect stones.' Historians say it was constructed by human labor over centuries.",15-Nov-24,Fake News
New Diabetes Drug Lowers Blood Sugar,"A UK drug, approved in 2024, lowers blood sugar in 85% of type 2 diabetes patients. The study was published in *Diabetes Care* journal.",22-Dec-24,Factual News
 Loch Ness Monster Is a Ghost,"A tabloid claims the Loch Ness Monster is a ghost of a prehistoric creature. Scientists say sightings are likely natural phenomena, not supernatural.",2-Jan-25,Fake News
Smart Fridges Reduce Food Waste,"A South Korean company’s smart fridges, launched in 2024, track food freshness and cut waste by 30%. The tech was featured in *Food Policy* journal.",12-Feb-25,Factual News
Haunted Bridge Scares Drivers,"A sensational story claims a haunted bridge in Oregon scares drivers with ghostly figures. Locals say it’s fog and shadows, not paranormal.",20-Mar-25,Fake News
New Heart Drug Prevents Attacks,"A US drug, approved in 2024, prevents heart attacks in 80% of at-risk patients. The study was published in *Circulation* journal.",30-Apr-25,Factual News
Alien Footprints Found in Brazil,"A blog claims alien footprints were found in Brazil, with photos of odd tracks. Scientists say they’re from local wildlife, not extraterrestrial.",10-May-24,Fake News
Recycled Ocean Plastic Makes Clothes,"A French company’s clothing line, made from recycled ocean plastic, cuts waste by 50%. Launched in 2024, it was featured in *Sustainability* journal.",20-Jun-24,Factual News
Ghosts Sabotage Factory Machines,"A tabloid claims ghosts are sabotaging machines in a UK factory. Engineers say it’s due to outdated equipment, not paranormal activity.",1-Jul-24,Fake News
New Anxiety Drug Calms Symptoms,"A Canadian drug, approved in 2024, reduces anxiety symptoms in 75% of patients. The study was published in *Journal of Clinical Psychiatry*.",12-Aug-24,Factual News
Bigfoot Spotted in Washington,"A viral video claims Bigfoot was seen in Washington, with shaky footage. Wildlife experts say it’s a hiker in dark clothing, not a cryptid.",25-Sep-24,Fake News
AI-Powered Hearing Aids Enhance Sound,"A US company’s AI hearing aids, launched in 2024, enhance speech clarity by 60%. The tech was detailed in *Journal of the Acoustical Society of America*.",5-Oct-24,Factual News
Ancient Aliens Visited Pompeii,"A TV show claims aliens visited Pompeii, citing 'strange artifacts.' Archaeologists say the artifacts are Roman tools, not extraterrestrial.",15-Nov-24,Fake News
New Cancer Vaccine Shows Promise,"A German vaccine, tested in 2024, prevents 70% of lung cancer recurrences. The study was published in *Journal of Clinical Oncology*.",22-Dec-24,Factual News
 Loch Ness Monster Lives in Cave,"A tabloid claims the Loch Ness Monster lives in an underwater cave, with 'sonar proof.' Scientists say the sonar shows natural rock formations.",2-Jan-25,Fake News
Smart Roads Charge Electric Cars,"A Swedish company’s smart roads, tested in 2024, charge electric cars while driving. The tech was featured in *IEEE Transactions on Intelligent Transportation Systems*.",12-Feb-25,Factual News
Haunted School Scares Students,"A sensational story claims a haunted school in Texas scares students with ghostly voices. Teachers say it’s an old HVAC system, not paranormal.",20-Mar-25,Fake News
New Epilepsy Drug Stops Seizures,"A US drug, approved in 2024, stops seizures in 80% of epilepsy patients. The study was published in *Epilepsia* journal.",30-Apr-25,Factual News
Alien Artifacts Found in Peru,"A blog claims alien artifacts were found in Peru, with photos of odd objects. Archaeologists say they’re Incan relics, not extraterrestrial.",10-May-24,Fake News
Lab-Grown Eggs Hit Supermarkets,"Lab-grown eggs, produced in Finland, match real eggs in taste and nutrition. Launched in 2024, they cut emissions by 60%, per *Nature Food* journal.",20-Jun-24,Factual News
Ghosts Haunt New Hotel,"A tabloid claims ghosts haunt a new Miami hotel, moving furniture. Staff say it’s due to settling foundations, not paranormal activity.",1-Jul-24,Fake News
New ADHD Drug Improves Focus,"A UK drug, approved in 2024, improves focus in 70% of ADHD patients. The study was published in *Journal of Child Psychology and Psychiatry*.",12-Aug-24,Factual News
Yeti Spotted in Siberia,"A viral post claims a Yeti was seen in Siberia, with grainy photos. Wildlife officials say it’s a polar bear, not a cryptid.",25-Sep-24,Fake News
AI-Powered Robots Clean Oceans,"A Dutch company’s AI robots, launched in 2024, remove 50 tons of ocean plastic monthly. The tech was featured in *Marine Pollution Bulletin*.",5-Oct-24,Factual News
Ancient Aliens Built Colosseum,"A fringe site claims aliens built Rome’s Colosseum, citing 'perfect arches.' Historians say it was Roman engineering, not extraterrestrial.",15-Nov-24,Fake News
New Sleep Drug Improves Rest,"A US drug, approved in 2024, improves sleep quality in 80% of insomnia patients. The study was published in *Sleep* journal.",22-Dec-24,Factual News
 Loch Ness Monster Is a Submarine,"A tabloid claims the Loch Ness Monster is a secret submarine, with 'leaked plans.' Navy officials say no such submarine exists.",2-Jan-25,Fake News
Smart Bandages Speed Healing,"A US company’s smart bandages, launched in 2024, monitor wounds and speed healing by 40%. The tech was detailed in *Advanced Healthcare Materials*.",12-Feb-25,Factual News
Haunted Park Scares Visitors,"A sensational story claims a haunted park in California scares visitors with ghostly figures. Rangers say it’s fog and shadows, not paranormal.",20-Mar-25,Fake News
New Cholesterol Drug Lowers Risk,"A Canadian drug, approved in 2024, lowers cholesterol by 60% in at-risk patients. The study was published in *Journal of the American College of Cardiology*.",30-Apr-25,Factual News
Alien Signals From Jupiter,"A blog claims radio signals from Jupiter are alien messages, with 'patterns.' Astronomers say they’re natural emissions from the planet’s magnetic field.",10-May-24,Fake News
Recycled Batteries Power Homes,"A US company’s recycled batteries, launched in 2024, power homes with 80% efficiency. The tech was featured in *Journal of Power Sources*.",20-Jun-24,Factual News
Ghosts Disrupt Construction Site,"A tabloid claims ghosts are disrupting a New York construction site, moving tools. Workers say it’s due to wind, not paranormal activity.",1-Jul-24,Fake News
New Osteoporosis Drug Strengthens Bones,"A UK drug, approved in 2024, strengthens bones in 85% of osteoporosis patients. The study was published in *Bone* journal.",12-Aug-24,Factual News
Bigfoot Spotted in Arizona,"A viral video claims Bigfoot was seen in Arizona, with blurry footage. Wildlife experts say it’s a javelina, not a cryptid.",25-Sep-24,Fake News
AI-Powered Cameras Protect Wildlife,"A South African company’s AI cameras, launched in 2024, detect poachers with 95% accuracy. The tech was detailed in *Conservation Biology* journal.",5-Oct-24,Factual News
Ancient Aliens Visited Machu Picchu,"A TV show claims aliens helped build Machu Picchu, citing 'precision stonework.' Archaeologists attribute it to Incan engineering.",15-Nov-24,Fake News
New Antidepressant Lifts Mood,"A US drug, approved in 2024, lifts mood in 75% of depression patients. The study was published in *JAMA Psychiatry*.",22-Dec-24,Factual News
 Loch Ness Monster Is a Robot,"A tabloid claims the Loch Ness Monster is a robotic hoax, with 'leaked blueprints.' Scientists say sightings are natural phenomena, not machines.",2-Jan-25,Fake News
Smart Irrigation Saves Water,"A US company’s smart irrigation system, launched in 2024, cuts farm water use by 50%. The tech was featured in *Agricultural Water Management* journal.",12-Feb-25,Factual News
Haunted Museum Scares Visitors,"A sensational story claims a haunted museum in London scares visitors with moving artifacts. Staff say it’s due to vibrations, not paranormal activity.",20-Mar-25,Fake News
New Migraine Therapy Reduces Pain,"A Canadian therapy, approved in 2024, reduces migraine pain by 60% using neurostimulation. The study was published in *Cephalalgia* journal.",30-Apr-25,Factual News
Alien Fossils Found in Antarctica,"A blog claims alien fossils were found in Antarctica, with blurry photos. Geologists say they’re ancient marine fossils, not extraterrestrial.",10-May-24,Fake News
Lab-Grown Cheese Hits Markets,"Lab-grown cheese, produced in France, matches dairy cheese in taste and cuts emissions by 70%. Launched in 2024, it was featured in *Food Chemistry* journal.",20-Jun-24,Factual News
Ghosts Haunt Old Castle,"A tabloid claims ghosts haunt a Scottish castle, moving objects. Historians say it’s a tourist gimmick, with no evidence of paranormal activity.",1-Jul-24,Fake News
New Asthma Therapy Prevents Attacks,"A US therapy, approved in 2024, prevents asthma attacks in 75% of patients using biologics. The study was published in *Journal of Allergy and Clinical Immunology*.",12-Aug-24,Factual News
Yeti Spotted in Nepal,"A viral post claims a Yeti was seen in Nepal, with grainy photos. Wildlife officials say it’s a Himalayan bear, not a cryptid.",25-Sep-24,Fake News
AI-Powered Drones Plant Trees,"A UK company’s AI drones, launched in 2024, plant trees with 90% success rates. The tech was detailed in *Forest Ecology and Management* journal.",5-Oct-24,Factual News
Ancient Aliens Built Pyramids,"A fringe site claims aliens built the Egyptian pyramids, citing 'perfect alignment.' Egyptologists say they were built by human labor.",15-Nov-24,Fake News
New Heart Valve Lasts Decades,"A US company’s heart valve, approved in 2024, lasts 20 years without replacement. The study was published in *Journal of Thoracic and Cardiovascular Surgery*.",22-Dec-24,Factual News
 Loch Ness Monster Is a Hologram,"A tabloid claims the Loch Ness Monster is a hologram created by pranksters. Scientists say sightings are likely animals or waves, not holograms.",2-Jan-25,Fake News
Smart Helmets Detect Concussions,"A Canadian company’s smart helmets, launched in 2024, detect concussions in athletes with 95% accuracy. The tech was featured in *Journal of Sports Sciences*.",12-Feb-25,Factual News
Haunted Lake Scares Swimmers,"A sensational story claims a haunted lake in Florida scares swimmers with ghostly hands. Locals say it’s seaweed, not paranormal activity.",20-Mar-25,Fake News
New Cancer Drug Targets Tumors,"A UK drug, approved in 2024, targets tumors in 80% of breast cancer patients. The study was published in *The Lancet Oncology*.",30-Apr-25,Factual News
Alien Ship Found in Baltic Sea,"A blog claims an alien ship was found in the Baltic Sea, with sonar images. Oceanographers say it’s a natural rock formation, not a spaceship.",10-May-24,Fake News
Recycled Plastic Makes Furniture,"A US company’s furniture, made from recycled plastic, cuts waste by 60%. Launched in 2024, it was featured in *Journal of Industrial Ecology*.",20-Jun-24,Factual News
Ghosts Haunt New Library,"A tabloid claims ghosts haunt a new Boston library, moving books. Staff say it’s due to shelving errors, not paranormal activity.",1-Jul-24,Fake News
New Parkinson’s Drug Slows Progression,"A US drug, approved in 2024, slows Parkinson’s progression by 50%. The study was published in *Movement Disorders* journal.",12-Aug-24,Factual News
Bigfoot Spotted in Idaho,"A viral video claims Bigfoot was seen in Idaho, with blurry footage. Wildlife experts say it’s a deer, not a cryptid.",25-Sep-24,Fake News
AI-Powered Glasses Translate Languages,"A Japanese company’s AI glasses, launched in 2024, translate languages in real-time with 90% accuracy. The tech was featured in *IEEE Spectrum*.",5-Oct-24,Factual News
Ancient Aliens Visited Stonehenge,"A TV show claims aliens helped build Stonehenge, citing 'astronomical alignment.' Archaeologists say it was built by Neolithic people.",15-Nov-24,Fake News
New Stroke Drug Restores Speech,"A Canadian drug, approved in 2024, restores speech in 70% of stroke patients. The study was published in *Stroke* journal.",22-Dec-24,Factual News
 Loch Ness Monster Is a Time Traveler,"A tabloid claims the Loch Ness Monster is a time-traveling creature, with 'eyewitnesses.' Scientists say sightings are likely natural phenomena.",2-Jan-25,Fake News
Smart Shoes Track Fitness,"A US company’s smart shoes, launched in 2024, track fitness metrics with 95% accuracy. The tech was featured in *Journal of Sports Engineering and Technology*.",12-Feb-25,Factual News
Haunted Hotel Scares Guests,"A sensational story claims a haunted hotel in New Orleans scares guests with ghostly voices. Staff say it’s old plumbing, not paranormal activity.",20-Mar-25,Fake News
New Diabetes Therapy Lowers Insulin Need,"A UK therapy, approved in 2024, lowers insulin needs in 80% of type 1 diabetes patients. The study was published in *Diabetes Care* journal.",30-Apr-25,Factual News
Alien Base Found in Arctic,"A blog claims an alien base was found in the Arctic, with 'leaked photos.' Scientists say the photos show ice formations, not extraterrestrial structures.",10-May-24,Fake News
Lab-Grown Milk Hits Shelves,"Lab-grown milk, produced in the US, matches dairy milk in nutrition and cuts emissions by 80%. Launched in 2024, it was featured in *Journal of Dairy Science*.",20-Jun-24,Factual News
Ghosts Haunt Old Prison,"A tabloid claims ghosts haunt an old Arizona prison, moving doors. Staff say it’s due to wind, not paranormal activity.",1-Jul-24,Fake News
New Allergy Therapy Prevents Reactions,"A US therapy, approved in 2024, prevents allergic reactions in 85% of patients with peanut allergies. The study was published in *Journal of Allergy and Clinical Immunology*.",12-Aug-24,Fake News
Yeti Spotted in Wyoming,"A viral post claims a Yeti was seen in Wyoming, with grainy photos. Wildlife officials say it’s a mountain goat, not a cryptid.",25-Sep-24,Factual News
AI-Powered Robots Build Houses,"A Japanese company’s AI robots, launched in 2024, build houses 50% faster than humans. The tech was featured in *Automation in Construction* journal.",5-Oct-24,Fake News
Ancient Aliens Built Taj Mahal,"A fringe site claims aliens built the Taj Mahal, citing 'perfect symmetry.' Historians say it was built by Mughal artisans.",15-Nov-24,Factual News
New Autism Drug Improves Social Skills,"A US drug, approved in 2024, improves social skills in 70% of autistic adults. The study was published in *Autism Research* journal.",22-Dec-24,Fake News
 Loch Ness Monster Is a Mutant,"A tabloid claims the Loch Ness Monster is a mutant fish, with 'DNA evidence.' Scientists say the DNA is from eels, not a mutant.",2-Jan-25,Factual News
Smart Mirrors Monitor Health,"A South Korean company’s smart mirrors, launched in 2024, monitor vitals with 90% accuracy. The tech was featured in *Journal of Medical Internet Research*.",12-Feb-25,Fake News
Haunted Church Scares Worshippers,"A sensational story claims a haunted church in Georgia scares worshippers with ghostly hymns. Staff say it’s an organ malfunction, not paranormal activity.",20-Mar-25,Factual News
New Cancer Therapy Extends Lives,"A UK therapy, approved in 2024, extends lives in 80% of pancreatic cancer patients. The study was published in *The Lancet Oncology*.",30-Apr-25,Fake News
Alien City Found on Venus,"A blog claims an alien city was found on Venus, with 'leaked images.' NASA says the images are clouds, not structures.",10-May-24,Factual News
Recycled Plastic Makes Toys,"A US company’s toys, made from recycled plastic, cut waste by 70%. Launched in 2024, they were featured in *Journal of Cleaner Production*.",20-Jun-24,Fake News
Ghosts Haunt New Mall,"A tabloid claims ghosts haunt a new Miami mall, moving escalators. Staff say it’s due to electrical issues, not paranormal activity.",1-Jul-24,Factual News
New Depression Therapy Lifts Mood,"A Canadian therapy, approved in 2024, lifts mood in 75% of depression patients using light therapy. The study was published in *JAMA Psychiatry*.",12-Aug-24,Fake News
Bigfoot Spotted in Maine,"A viral video claims Bigfoot was seen in Maine, with blurry footage. Wildlife experts say it’s a black bear, not a cryptid.",25-Sep-24,Factual News
AI-Powered Drones Deliver Food,"A US company’s AI drones, launched in 2024, deliver food with 95% accuracy. The tech was featured in *Journal of Intelligent Transportation Systems*.",5-Oct-24,Fake News
Ancient Aliens Visited Angkor Wat,"A TV show claims aliens built Angkor Wat, citing 'perfect carvings.' Archaeologists say it was built by Khmer artisans.",15-Nov-24,Factual News
New Heart Drug Prevents Failure,"A US drug, approved in 2024, prevents heart failure in 80% of at-risk patients. The study was published in *Circulation* journal.",22-Dec-24,Fake News
 Loch Ness Monster Is a Drone,"A tabloid claims the Loch Ness Monster is a drone, with 'leaked footage.' Scientists say sightings are likely animals or waves, not drones.",2-Jan-25,Factual News
Smart Watches Detect Strokes,"A US company’s smart watches, launched in 2024, detect strokes with 90% accuracy. The tech was featured in *Journal of Medical Internet Research*.",12-Feb-25,Fake News
Haunted Farm Scares Workers,"A sensational story claims a haunted farm in Iowa scares workers with ghostly figures. Farmers say it’s fog, not paranormal activity.",20-Mar-25,Factual News
New Alzheimer’s Therapy Slows Decline,"A UK therapy, approved in 2024, slows Alzheimer’s decline by 60% using gene therapy. The study was published in *Alzheimer’s & Dementia* journal.",30-Apr-25,Fake News
Alien Signals From Mars,"A blog claims radio signals from Mars are alien messages, with 'patterns.' NASA says they’re natural emissions from the planet.",10-May-24,Factual News
Lab-Grown Pork Hits Restaurants,"Lab-grown pork, produced in China, matches real pork in taste and cuts emissions by 80%. Launched in 2024, it was featured in *Food Chemistry* journal.",20-Jun-24,Fake News
Ghosts Haunt Old School,"A tabloid claims ghosts haunt an old Virginia school, moving desks. Staff say it’s due to settling floors, not paranormal activity.",1-Jul-24,Factual News
New Anxiety Therapy Calms Symptoms,"A US therapy, approved in 2024, calms anxiety in 80% of patients using VR. The study was published in *Journal of Clinical Psychiatry*.",12-Aug-24,Fake News
Yeti Spotted in Colorado,"A viral post claims a Yeti was seen in Colorado, with grainy photos. Wildlife officials say it’s a wolf, not a cryptid.",25-Sep-24,Factual News
AI-Powered Robots Farm Crops,"A US company’s AI robots, launched in 2024, farm crops with 90% efficiency. The tech was featured in *Computers and Electronics in Agriculture* journal.",5-Oct-24,Fake News
Ancient Aliens Built Petra,"A fringe site claims aliens built Petra, citing 'perfect stonework.' Archaeologists say it was carved by Nabataeans.",15-Nov-24,Factual News
New Stroke Therapy Restores Movement,"A US therapy, approved in 2024, restores movement in 70% of stroke patients using robotics. The study was published in *Stroke* journal.",22-Dec-24,Fake News
 Loch Ness Monster Is a Ghost Ship,"A tabloid claims the Loch Ness Monster is a ghost ship, with 'eyewitnesses.' Scientists say sightings are likely waves, not ships.",2-Jan-25,Factual News
Smart Glasses Aid Autism,"A US company’s smart glasses, launched in 2024, aid autistic users with social cues. The tech was featured in *Journal of Autism and Developmental Disorders*.",12-Feb-25,Fake News
Haunted Store Scares Shoppers,"A sensational story claims a haunted store in Texas scares shoppers with moving items. Staff say it’s due to air vents, not paranormal activity.",20-Mar-25,Factual News
New Cancer Drug Shrinks Tumors,"A Canadian drug, approved in 2024, shrinks tumors in 85% of lung cancer patients. The study was published in *Journal of Clinical Oncology*.",30-Apr-25,Fake News
Alien Fossils Found on Moon,"A blog claims alien fossils were found on the moon, with 'leaked photos.' NASA says they’re lunar rocks, not fossils.",10-May-24,Factual News
Recycled Plastic Makes Cars,"A US company’s car parts, made from recycled plastic, cut waste by 60%. Launched in 2024, they were featured in *Journal of Cleaner Production*.",20-Jun-24,Fake News
Ghosts Haunt New Office,"A tabloid claims ghosts haunt a new Seattle office, moving papers. Staff say it’s due to drafts, not paranormal activity.",1-Jul-24,Factual News
New ADHD Therapy Improves Focus,"A UK therapy, approved in 2024, improves focus in 75% of ADHD children using games. The study was published in *Journal of Child Psychology and Psychiatry*.",12-Aug-24,Fake News
Bigfoot Spotted in Oregon,"A viral video claims Bigfoot was seen in Oregon, with blurry footage. Wildlife experts say it’s a hiker, not a cryptid.",25-Sep-24,Factual News
AI-Powered Drones Monitor Crops,"A US company’s AI drones, launched in 2024, monitor crops with 95% accuracy. The tech was featured in *Precision Agriculture* journal.",5-Oct-24,Fake News
Ancient Aliens Visited Chichen Itza,"A TV show claims aliens built Chichen Itza, citing 'perfect pyramids.' Archaeologists say it was built by Maya artisans.",15-Nov-24,Factual News
New Depression Drug Lifts Mood,"A US drug, approved in 2024, lifts mood in 80% of depression patients. The study was published in *American Journal of Psychiatry*.",22-Dec-24,Fake News
 Loch Ness Monster Is a Mutant Eel,"A tabloid claims the Loch Ness Monster is a mutant eel, with 'DNA proof.' Scientists say the DNA is from common eels.",2-Jan-25,Factual News
Smart Beds Improve Sleep,"A US company’s smart beds, launched in 2024, improve sleep by 30% with temperature control. The tech was featured in *Sleep Medicine* journal.",12-Feb-25,Fake News
Haunted Road Scares Drivers,"A sensational story claims a haunted road in Ohio scares drivers with ghostly lights. Locals say it’s car headlights, not paranormal activity.",20-Mar-25,Factual News
New Heart Therapy Prevents Attacks,"A UK therapy, approved in 2024, prevents heart attacks in 80% of at-risk patients. The study was published in *European Heart Journal*.",30-Apr-25,Fake News
Alien Signals From Saturn,"A blog claims radio signals from Saturn are alien messages, with 'patterns.' Astronomers say they’re natural emissions from the planet.",10-May-24,Factual News
Lab-Grown Butter Hits Markets,"Lab-grown butter, produced in Germany, matches dairy butter in taste and cuts emissions by 70%. Launched in 2024, it was featured in *Food Chemistry* journal.",20-Jun-24,Fake News
Ghosts Haunt Old Hospital,"A tab  tabloid claims ghosts haunt an old Florida hospital, moving equipment. Staff say it’s due to faulty wiring, not paranormal activity.",1-Jul-24,Fake News
New Asthma Drug Prevents Attacks,"A US drug, approved in 2024, prevents asthma attacks in 80% of patients. The study was published in *Thorax* journal.",12-Aug-24,Factual News
Yeti Spotted in Utah,"A viral post claims a Yeti was seen in Utah, with grainy photos. Wildlife officials say it’s a mountain lion, not a cryptid.",25-Sep-24,Fake News
AI-Powered Robots Clean Rivers,"A US company’s AI robots, launched in 2024, clean rivers with 90% efficiency. The tech was featured in *Water Research* journal.",5-Oct-24,Factual News
Ancient Aliens Built Nazca Lines,"A fringe site claims aliens created the Nazca Lines, citing 'perfect shapes.' Archaeologists say they were made by ancient Nazca people.",15-Nov-24,Fake News
New Alzheimer’s Drug Slows Decline,"A Canadian drug, approved in 2024, slows Alzheimer’s decline by 50%. The study was published in *Neurology* journal.",22-Dec-24,Factual News
 Loch Ness Monster Is a Shark,"A tabloid claims the Loch Ness Monster is a Greenland shark, with 'new evidence.' Marine biologists say Greenland sharks don’t live in freshwater lochs.",2-Jan-25,Fake News
Smart Toothbrushes Monitor Health,"A US company’s smart toothbrushes, launched in 2024, monitor oral health with 95% accuracy. The tech was featured in *Journal of Dental Research*.",12-Feb-25,Factual News
Haunted Beach Scares Tourists,"A sensational story claims a haunted beach in California scares tourists with ghostly whispers. Locals say it’s wind, not paranormal activity.",20-Mar-25,Fake News
New Cancer Therapy Targets Tumors,"A US therapy, approved in 2024, targets tumors in 85% of prostate cancer patients. The study was published in *Journal of Clinical Oncology*.",30-Apr-25,Factual News
Alien Base Found in Himalayas,"A blog claims an alien base was found in the Himalayas, with 'leaked photos.' Scientists say the photos show ice caves, not extraterrestrial structures.",10-May-24,Fake News
Recycled Plastic Makes Shoes,"A US company’s shoes, made from recycled plastic, cut waste by 60%. Launched in 2024, they were featured in *Journal of Cleaner Production*.",20-Jun-24,Factual News
Ghosts Haunt New Stadium,"A tabloid claims ghosts haunt a new Texas stadium, moving seats. Staff say it’s due to mechanical issues, not paranormal activity.",1-Jul-24,Fake News
New Depression Therapy Lifts Mood,"A UK therapy, approved in 2024, lifts mood in 75% of depression patients using music. The study was published in *Journal of Affective Disorders*.",12-Aug-24,Factual News
Bigfoot Spotted in Nevada,"A viral video claims Bigfoot was seen in Nevada, with blurry footage. Wildlife experts say it’s a coyote, not a cryptid.",25-Sep-24,Fake News
AI-Powered Drones Fight Fires,"A US company’s AI drones, launched in 2024, fight wildfires with 90% accuracy. The tech was featured in *Fire Safety Journal*.",5-Oct-24,Factual News
Ancient Aliens Visited Easter Island,"A TV show claims aliens carved Easter Island’s Moai, citing 'precision.' Archaeologists say they were crafted by Rapa Nui people.",15-Nov-24,Fake News
New Heart Drug Prevents Failure,"A Canadian drug, approved in 2024, prevents heart failure in 80% of at-risk patients. The study was published in *European Heart Journal*.",22-Dec-24,Factual News
 Loch Ness Monster Is a Whale,"A tabloid claims the Loch Ness Monster is a stranded whale, with 'new photos.' Marine biologists say whales can’t survive in freshwater lochs.",2-Jan-25,Fake News
Smart Rings Monitor Fitness,"A US company’s smart rings, launched in 2024, monitor fitness metrics with 95% accuracy. The tech was featured in *Journal of Sports Sciences*.",12-Feb-25,Factual News
Haunted Cave Scares Explorers,"A sensational story claims a haunted cave in Arizona scares explorers with ghostly shadows. Geologists say it’s light reflections, not paranormal activity.",20-Mar-25,Fake News
New Diabetes Drug Lowers Blood Sugar,"A US drug, approved in 2024, lowers blood sugar in 85% of type 2 diabetes patients. The study was published in *Diabetes Care* journal.",30-Apr-25,Factual News
Alien Ship Found in Antarctica,"A blog claims an alien ship was found in Antarctica, with 'leaked sonar.' Scientists say the sonar shows ice formations, not a spaceship.",10-May-24,Fake News
Lab-Grown Honey Hits Shelves,"Lab-grown honey, produced in the US, matches real honey in taste and cuts environmental impact by 70%. Launched in 2024, it was featured in *Food Chemistry* journal.",20-Jun-24,Factual News
Ghosts Haunt Old Warehouse,"A tabloid claims ghosts haunt an old Chicago warehouse, moving crates. Staff say it’s due to settling floors, not paranormal activity.",1-Jul-24,Fake News
New Anxiety Drug Calms Symptoms,"A US drug, approved in 2024, calms anxiety in 80% of patients. The study was published in *Journal of Clinical Psychiatry*.",12-Aug-24,Factual News
Yeti Spotted in Idaho,"A viral post claims a Yeti was seen in Idaho, with grainy photos. Wildlife officials say it’s a grizzly bear, not a cryptid.",25-Sep-24,Fake News
AI-Powered Robots Sort Recycling,"A US company’s AI robots, launched in 2024, sort recycling with 98% accuracy. The tech was featured in *Waste Management* journal.",5-Oct-24,Factual News
Ancient Aliens Built Stonehenge,"A fringe site claims aliens built Stonehenge, citing 'perfect alignment.' Archaeologists say it was built by Neolithic people.",15-Nov-24,Fake News
New Stroke Drug Restores Speech,"A US drug, approved in 2024, restores speech in 70% of stroke patients. The study was published in *Stroke* journal.",22-Dec-24,Factual News
 Loch Ness Monster Is a Crocodile,"A tabloid claims the Loch Ness Monster is a crocodile, with 'new evidence.' Zoologists say crocodiles can’t survive in cold loch waters.",2-Jan-25,Fake News
Smart Socks Monitor Health,"A US company’s smart socks, launched in 2024, monitor foot health with 90% accuracy. The tech was featured in *Journal of Medical Engineering*.",12-Feb-25,Factual News
Haunted Forest Scares Hikers,"A sensational story claims a haunted forest in Oregon scares hikers with ghostly whispers. Rangers say it’s wind, not paranormal activity.",20-Mar-25,Fake News
New Cancer Drug Shrinks Tumors,"A US drug, approved in 2024, shrinks tumors in 85% of colon cancer patients. The study was published in *Journal of Clinical Oncology*.",30-Apr-25,Factual News
Alien Fossils Found in Sahara,"A blog claims alien fossils were found in the Sahara, with 'leaked photos.' Geologists say they’re dinosaur bones, not extraterrestrial.",10-May-24,Fake News
Recycled Plastic Makes Bags,"A US company’s bags, made from recycled plastic, cut waste by 60%. Launched in 2024, they were featured in *Journal of Cleaner Production*.",20-Jun-24,Factual News
Ghosts Haunt New Restaurant,"A tabloid claims ghosts haunt a new New York restaurant, moving plates. Staff say it’s due to vibrations, not paranormal activity.",1-Jul-24,Fake News
New Depression Drug Lifts Mood,"A US drug, approved in 2024, lifts mood in 80% of depression patients. The study was published in *American Journal of Psychiatry*.",12-Aug-24,Factual News
Bigfoot Spotted in Montana,"A viral video claims Bigfoot was seen in Montana, with blurry footage. Wildlife experts say it’s a moose, not a cryptid.",25-Sep-24,Fake News
AI-Powered Drones Monitor Wildlife,"A US company’s AI drones, launched in 2024, monitor wildlife with 95% accuracy. The tech was featured in *Conservation Biology* journal.",5-Oct-24,Factual News
Ancient Aliens Visited Machu Picchu,"A TV show claims aliens helped build Machu Picchu, citing 'precision stonework.' Archaeologists attribute it to Incan engineering.",15-Nov-24,Fake News
New Heart Drug Prevents Attacks,"A US drug, approved in 2024, prevents heart attacks in 80% of at-risk patients. The study was published in *Circulation* journal.",22-Dec-24,Factual News
 Loch Ness Monster Is a Seal,"A tabloid claims the Loch Ness Monster is a giant seal, with 'new photos.' Marine biologists say seals don’t grow that large.",2-Jan-25,Fake News
Smart Glasses Monitor Stress,"A US company’s smart glasses, launched in 2024, monitor stress levels with 90% accuracy. The tech was featured in *Journal of Medical Internet Research*.",12-Feb-25,Factual News
Haunted Lake Scares Boaters,"A sensational story claims a haunted lake in Michigan scares boaters with ghostly waves. Locals say it’s wind, not paranormal activity.",20-Mar-25,Fake News
New Diabetes Therapy Lowers Insulin,"A US therapy, approved in 2024, lowers insulin needs in 80% of type 1 diabetes patients. The study was published in *Diabetes Care* journal.",30-Apr-25,Factual News
Alien Ship Found in Pacific,"A blog claims an alien ship was found in the Pacific, with 'leaked sonar.' Oceanographers say it’s a sunken shipwreck, not extraterrestrial.",10-May-24,Fake News
Lab-Grown Yogurt Hits Shelves,"Lab-grown yogurt, produced in the US, matches dairy yogurt in taste and cuts emissions by 70%. Launched in 2024, it was featured in *Food Chemistry* journal.",20-Jun-24,Factual News
Ghosts Haunt Old Theater,"A tabloid claims ghosts haunt an old Boston theater, moving curtains. Staff say it’s due to air drafts, not paranormal activity.",1-Jul-24,Fake News
New Anxiety Therapy Calms Symptoms,"A US therapy, approved in 2024, calms anxiety in 80% of patients using mindfulness. The study was published in *Journal of Clinical Psychiatry*.",12-Aug-24,Factual News
Yeti Spotted in Oregon,"A viral post claims a Yeti was seen in Oregon, with grainy photos. Wildlife officials say it’s a black bear, not a cryptid.",25-Sep-24,Fake News
AI-Powered Robots Plant Crops,"A US company’s AI robots, launched in 2024, plant crops with 90% efficiency. The tech was featured in *Computers and Electronics in Agriculture* journal.",5-Oct-24,Factual News
Ancient Aliens Built Colosseum,"A fringe site claims aliens built Rome’s Colosseum, citing 'perfect arches.' Historians say it was Roman engineering.",15-Nov-24,Fake News
New Stroke Therapy Restores Movement,"A US therapy, approved in 2024, restores movement in 70% of stroke patients using VR. The study was published in *Stroke* journal.",22-Dec-24,Factual News
 Loch Ness Monster Is a Turtle,"A tabloid claims the Loch Ness Monster is a giant turtle, with 'new evidence.' Zoologists say turtles don’t grow that large.",2-Jan-25,Fake News
Smart Watches Monitor Blood Sugar,"A US company’s smart watches, launched in 2024, monitor blood sugar with 90% accuracy. The tech was featured in *Journal of Medical Internet Research*.",12-Feb-25,Factual News
Haunted Park Scares Visitors,"A sensational story claims a haunted park in Texas scares visitors with ghostly shadows. Rangers say it’s light reflections, not paranormal activity.",20-Mar-25,Fake News
New Cancer Therapy Targets Tumors,"A US therapy, approved in 2024, targets tumors in 85% of breast cancer patients. The study was published in *The Lancet Oncology*.",30-Apr-25,Factual News
Alien Fossils Found in Arctic,"A blog claims alien fossils were found in the Arctic, with 'leaked photos.' Geologists say they’re ancient fish bones, not extraterrestrial.",10-May-24,Fake News
Recycled Plastic Makes Clothes,"A US company’s clothes, made from recycled plastic, cut waste by 60%. Launched in 2024, they were featured in *Journal of Cleaner Production*.",20-Jun-24,Factual News
New Depression Therapy Lifts Mood,"A US therapy, approved in 2024, lifts mood",,
